{"cameraMode":{"drawMode":0,"name":"Shaded","section":"Shading Mode"},"sceneLighting":true,"audioPlay":false,"sceneViewState":{"showFog":true,"showMaterialUpdate":false,"showSkybox":true,"showFlares":true,"showImageEffects":true,"showParticleSystems":true},"in2DMode":false,"pivot":{"x":169.83102416992188,"y":24.083425521850587,"z":-118.72278594970703},"rotation":{"x":-0.138035848736763,"y":-0.7599306106567383,"z":0.17154741287231446,"w":-0.6116144061088562},"size":3.174065351486206,"orthographic":false}